x_val,y_val,y_up_val,y_down_val,x_up_val,x_down_val
0.0,1.4083616813997283e-17,0.5,-0.5,0.0,0.0
0.010101010101010102,3.384783685378038e-07,0.500000337365308,-0.4999996604085709,0.010067647538512199,0.010134372663508005
0.020202020202020204,1.3420511782159421e-06,0.5000013377157,-0.4999986536133435,0.02013617585291685,0.020267864551123557
0.030303030303030304,2.9929249852089652e-06,0.5000029834293871,-0.4999969975794166,0.030205584943574563,0.030400475662486045
0.04040404040404041,5.27330634567734e-06,0.5000052568799261,-0.49999471026723474,0.040275874810782666,0.04053220599729815
0.05050505050505051,8.165401815781535e-06,0.5000081404362192,-0.4999918096325876,0.0503470454547796,0.05066305555532142
0.06060606060606061,1.1651417951682013e-05,0.500011616462514,-0.49998831362661067,0.06041909687574923,0.06079302433637199
0.07070707070707072,1.5713561309539244e-05,0.5000156673184033,-0.49998424019578425,0.07049202907382501,0.07092211234031642
0.08080808080808081,2.033403844551369e-05,0.5000202753588256,-0.49997960728193463,0.08056584204909399,0.08105031956706764
0.09090909090909091,2.549505591576582e-05,0.5000254229340648,-0.49997443282223325,0.0906405358016008,0.09117764601658103
0.10101010101010102,3.117882027645611e-05,0.5000310923897497,-0.49996873474919684,0.1007161103313514,0.10130409168885064
0.11111111111111112,3.736753808374501e-05,0.5000372660668552,-0.49996253099068766,0.11079256563831677,0.11142965658390547
0.12121212121212122,4.4043415893793e-05,0.500043926301701,-0.4999558394699134,0.12086990172243645,0.12155434070180599
0.13131313131313133,5.118866026276055e-05,0.5000510554259523,-0.49994867810542676,0.130948118583622,0.13167814404264067
0.14141414141414144,5.878547774680812e-05,0.5000586357666199,-0.49994106481112627,0.14102721622176026,0.1418010666065226
0.15151515151515152,6.681607490209615e-05,0.5000666496460597,-0.4999330174962555,0.15110719463671654,0.1519231083935865
0.16161616161616163,7.526265828478516e-05,0.5000750793819733,-0.49992455406540365,0.16118805382833779,0.16204426940398547
0.17171717171717174,8.410743445103558e-05,0.500083907287407,-0.499915692418505,0.17126979379645535,0.17216454963788813
0.18181818181818182,9.333260995700787e-05,0.5000931156707534,-0.49990645045083937,0.18135241454088788,0.18228394909547577
0.19191919191919193,0.00010292039135886255,0.5001026868357497,-0.4998968460530319,0.19143591606144408,0.19240246777693978
0.20202020202020204,0.00011285298521276003,0.5001126030814788,-0.4998868971110532,0.20152029835792512,0.20252010568247897
0.21212121212121213,0.00012311259807486078,0.500122846702369,-0.4998766215062192,0.2116055614301272,0.21263686281229705
0.22222222222222224,0.0001336814365013253,0.5001333999881937,-0.4998660371151911,0.22169170527784396,0.22275273916660052
0.23232323232323235,0.00014454170704831403,0.5001442452240724,-0.4998551618099758,0.23177872990086837,0.23286773474559633
0.24242424242424243,0.00015567561627198746,0.5001553646904692,-0.4998440134579252,0.2418666352989951,0.24298184954948976
0.25252525252525254,0.00016706537072850604,0.5001667406631939,-0.4998326099217369,0.25195542147202243,0.25309508357848265
0.26262626262626265,0.00017869317697403024,0.5001783554134016,-0.4998209690594535,0.2620450884197539,0.2632074368327714
0.27272727272727276,0.0001905412415647205,0.5001901912075931,-0.4998091087244637,0.2721356361420002,0.2733189093125453
0.2828282828282829,0.0002025917710567374,0.5002022303076143,-0.4997970467655009,0.28222706463858066,0.2834295010179851
0.29292929292929293,0.00021482697200624114,0.500214454970657,-0.49978480102664447,0.2923193739093248,0.2935392119492611
0.30303030303030304,0.00022722905096939257,0.5002268474492576,-0.49977238934731877,0.30241256395407357,0.3036480421065325
0.31313131313131315,0.0002397802145023518,0.5002393899912984,-0.4997598295622937,0.31250663477268065,0.31375599148994565
0.32323232323232326,0.00025246266916127957,0.5002520648400072,-0.49974713950168465,0.3226015863650134,0.3238630600996331
0.33333333333333337,0.00026525862150233613,0.5002648542339573,-0.49973433699095265,0.33269741873095404,0.3339692479357127
0.3434343434343435,0.0002781502780816822,0.5002777404070672,-0.4997214398509038,0.3427941318704003,0.34407455499828665
0.3535353535353536,0.00029111984545547793,0.5002907055886006,-0.49970846589768964,0.3528917257832663,0.3541789812874409
0.36363636363636365,0.0003041495301798839,0.5003037320031674,-0.49969543294280755,0.3629902004694829,0.3642825268032444
0.37373737373737376,0.0003172215388110608,0.500316801870722,-0.4996823587930999,0.3730895559289987,0.37438519154574884
0.38383838383838387,0.0003303180779051689,0.5003298974065652,-0.49966926125075484,0.3831897921617796,0.3844869755149881
0.393939393939394,0.0003434213540183686,0.5003430008213425,-0.4996561581133058,0.39329090916780995,0.394587878710978
0.4040404040404041,0.00035651357370682053,0.5003560943210452,-0.49964306717363155,0.4033929069470918,0.4046879011337164
0.4141414141414142,0.000369576943526685,0.5003691601070098,-0.49963000621995646,0.41349578549964544,0.41478704278318296
0.42424242424242425,0.00038259367003412256,0.5003821803759186,-0.4996169930358504,0.423599544825509,0.4248853036593395
0.43434343434343436,0.00039554595978529374,0.500395137319799,-0.4996040454002284,0.4337041849247385,0.43498268376213023
0.4444444444444445,0.0004084160193363588,0.500408013126024,-0.4995911810873513,0.44380970579740703,0.4450791830914819
0.4545454545454546,0.0004211860552434785,0.500420789977312,-0.49957841786682505,0.45391610744360456,0.4551748016473046
0.4646464646464647,0.0004338382740628131,0.5004334500517269,-0.49956577350360126,0.46402338986343716,0.46526953942949223
0.4747474747474748,0.00044635488235052315,0.5004459755226778,-0.49955326575797676,0.47413155305702626,0.47536339643792336
0.48484848484848486,0.0004587180866627691,0.5004583485589197,-0.49954091238559417,0.48424059702450795,0.4854563726724618
0.494949494949495,0.0004709100935557113,0.5004705513245525,-0.49952873113744106,0.4943505217660318,0.49554846813295816
0.5050505050505051,0.00048291310958551044,0.5004825659790219,-0.4995167397598508,0.5044613272817596,0.5056396828192505
0.5151515151515152,0.000494709341308327,0.5004943746771187,-0.499504955994502,0.5145730135718648,0.5157300167311657
0.5252525252525253,0.0005062809952803211,0.5005059595689794,-0.49949339757841876,0.5246855806365298,0.5258194698685208
0.5353535353535354,0.0005176102780576532,0.5005173028000858,-0.4994820822439705,0.5347990284759462,0.5359080422311245
0.5454545454545455,0.0005286793961964843,0.5005283865112651,-0.49947102771887214,0.5449133570903116,0.5459957338187794
0.5555555555555556,0.0005394705562529746,0.50053919283869,-0.499460251726184,0.555028566479829,0.5560825446312821
0.5656565656565657,0.0005499659647832845,0.5005497039138782,-0.4994497719843116,0.5651446566447043,0.5661684746684272
0.5757575757575758,0.0005601478283435743,0.5005599018636934,-0.4994396062070062,0.5752616275851443,0.5762535239300073
0.5858585858585859,0.0005699983534900046,0.5005697688103442,-0.49942977210336414,0.5853794793013553,0.5863376924158165
0.595959595959596,0.0005794997467787362,0.5005792868713849,-0.49942028737782734,0.59549821179354,0.596420980125652
0.6060606060606061,0.0005886342147659293,0.5005884381597147,-0.49941116973018285,0.6056178250618954,0.6065033870593167
0.6161616161616162,0.0005973839640077442,0.5005972047835788,-0.49940243685556335,0.615738319106611,0.6165849132166215
0.6262626262626263,0.0006057312010603414,0.5006055688465676,-0.49939410644444693,0.625859693927865,0.6266655585973876
0.6363636363636365,0.000613658132479882,0.5006135124476165,-0.4993861961826568,0.6359819495258228,0.6367453232014502
0.6464646464646465,0.0006211469648225255,0.5006210176810066,-0.4993787237513616,0.646105085900633,0.6468242070286601
0.6565656565656566,0.0006281799046444329,0.5006280666363644,-0.4993717068270755,0.6562291030524254,0.6569022100788877
0.6666666666666667,0.0006347391585017645,0.5006346413986614,-0.4993651630816579,0.6663540009813077,0.6669793323520258
0.6767676767676768,0.0006408069329506813,0.5006407240482149,-0.4993591101823136,0.6764797796873616,0.677055573847992
0.686868686868687,0.000646365434547343,0.5006462966606875,-0.49935356579159285,0.6866064391706405,0.6871309345667335
0.696969696969697,0.0006513968698479101,0.5006513413070868,-0.499348547567391,0.6967339794311649,0.6972054145082291
0.7070707070707072,0.0006558834454085437,0.5006558400537663,-0.49934407316294915,0.70686240046892,0.7072790136724943
0.7171717171717172,0.0006598073677854038,0.5006597749624244,-0.4993401602268536,0.7169917022838513,0.7173517320595831
0.7272727272727273,0.0006631508435346511,0.5006631280901055,-0.49933682640303617,0.7271218848758607,0.7274235696695939
0.7373737373737375,0.0006658960792124461,0.5006658814891985,-0.49933408933077367,0.737252948244803,0.7374945265026719
0.7474747474747475,0.0006680252813749488,0.5006680172074388,-0.4993319666446889,0.7473848923904814,0.7475646025590136
0.7575757575757577,0.0006695206565783202,0.5006695172879062,-0.49933047597474955,0.7575177173126437,0.7576337978388716
0.7676767676767677,0.0006703644113787207,0.5006703637690266,-0.4993296349462692,0.7676514230109773,0.7677021123425581
0.7777777777777778,0.0006705387523323102,0.5006705386845713,-0.4993294611799067,0.7777860094851059,0.7777695460704497
0.787878787878788,0.0006700258859952499,0.5006700240636569,-0.49932997229166637,0.7879214767345838,0.7878360990229921
0.797979797979798,0.0006688080189236993,0.5006688019307454,-0.49933118589289793,0.7980578247588916,0.7979017712007044
0.8080808080808082,0.0006668673576738207,0.5006668543056447,-0.4993331195902971,0.8081950535574319,0.8079665626041844
0.8181818181818182,0.0006641861088017725,0.500664163203508,-0.4993357909859045,0.8183331631295234,0.818030473234113
0.8282828282828284,0.0006607464788637163,0.5006607106348343,-0.4993392176771069,0.8284721534743968,0.82809350309126
0.8383838383838385,0.0006565306744158125,0.5006564786054679,-0.4993434172566363,0.838612024591189,0.8381556521764879
0.8484848484848485,0.0006515209020142214,0.5006514491165991,-0.49934840731257063,0.8487527764789378,0.8482169204907593
0.8585858585858587,0.0006456993682151032,0.5006456041647637,-0.4993542054283335,0.858894409136577,0.8582773080351404
0.8686868686868687,0.0006390482795746188,0.5006389257418435,-0.49936082918269425,0.8690369225629302,0.8683368148108073
0.8787878787878789,0.0006315498426489282,0.5006313958350659,-0.499368296149768,0.8791803167567059,0.8783954408190519
0.888888888888889,0.0006231862639941921,0.5006229964270041,-0.49937662389901577,0.8893245917164905,0.8884531860612874
0.8989898989898991,0.0006139397501665714,0.5006137094955778,-0.4993858299952447,0.8994697474407439,0.8985100505390543
0.9090909090909092,0.0006037925077222262,0.5006035170140519,-0.49939593199860743,0.909615783927792,0.9085660342540264
0.9191919191919192,0.0005927267432173169,0.5005924009510381,-0.49940694746460346,0.9197627011758217,0.9186211372080167
0.9292929292929294,0.0005807246632080038,0.5005803432704936,-0.4994188939440776,0.929910499182874,0.9286753594029847
0.9393939393939394,0.0005677684742504479,0.5005673259317224,-0.4994317889832215,0.9400591779468376,0.9387287008410413
0.9494949494949496,0.0005538403829008093,0.5005533308893745,-0.49944565012357284,0.9502087374654427,0.9487811615244566
0.9595959595959597,0.0005389225957152489,0.5005383400934463,-0.49946049490201583,0.9603591777362537,0.9588327414556657
0.9696969696969697,0.0005229973192499261,0.5005223354892809,-0.4994763408507811,0.9705104987566634,0.968883440637276
0.9797979797979799,0.0005060467600610022,0.5005052990175681,-0.4994932054974461,0.9806627005238853,0.9789332590720745
0.98989898989899,0.00048805312470463747,0.500487212614344,-0.4995111063649348,0.9908157830349467,0.9889821967630332
1.0,0.00046899861973699283,0.500468058210992,-0.4995300609715181,1.0009697462866818,0.9990302537133182
1.0,0.0004689986197369935,0.500468058210992,-0.4995300609715181,1.0009697462866818,0.9990302537133182
1.0101010101010102,0.00044961452277268027,0.5004487133373788,-0.49954948429183343,1.0110503175231529,1.0091517026788674
1.02020202020202,0.0004306414166083579,0.5004297782663202,-0.49956849543310344,1.0211310786195855,1.0192729617844547
1.0303030303030303,0.00041207546557324275,0.5004112491852118,-0.4995870982540654,1.0312120295762093,1.0293940310298513
1.0404040404040404,0.0003939128339965625,0.5003931222812339,-0.4996052966132408,1.041293170393247,1.0395149104148338
1.0505050505050506,0.0003761496862075388,0.5003753937413496,-0.4996230943689346,1.0513745010709152,1.049635599939186
1.0606060606060606,0.00035878218653539323,0.5003580597523062,-0.4996404953792354,1.0614560216094233,1.0597560996026978
1.0707070707070707,0.00034180649930934826,0.5003411165006347,-0.49965750350201604,1.0715377320089747,1.0698764094051667
1.0808080808080809,0.00032521878885862984,0.5003245601726498,-0.4996741225949326,1.0816196322697667,1.0799965293463951
1.0909090909090908,0.000309015219512457,0.5003083869544501,-0.4996903565154252,1.09170172239199,1.0901164594261916
1.101010101010101,0.0002931919556000556,0.5002925930319174,-0.4997062091207173,1.10178400237583,1.100236199644372
1.1111111111111112,0.00027774516145064564,0.5002771745907181,-0.49972168426781677,1.1118664722214657,1.1103557500007566
1.121212121212121,0.00026267100139345124,0.5002621278163015,-0.49973678581351466,1.1219491319290704,1.1204751104951718
1.1313131313131313,0.00024796563975769577,0.5002474488939012,-0.4997515176143858,1.132031981498812,1.1305942811274505
1.1414141414141414,0.00023362524087260084,0.5002331340085343,-0.49976588352678913,1.1421150209308526,1.1407132618974303
1.1515151515151516,0.00021964596906738892,0.5002191793450018,-0.4997798874068671,1.152198250225349,1.1508320528049543
1.1616161616161615,0.00020602398867128682,0.500205581087888,-0.4997935331105455,1.1622816693824527,1.1609506538498704
1.1717171717171717,0.00019275546401351096,0.5001923354215617,-0.49980682449353475,1.1723652784023106,1.1710690650320328
1.1818181818181819,0.00017983655942328813,0.5001794385301748,-0.49981976541132817,1.1824490772850638,1.1811872863513
1.191919191919192,0.00016726343922984083,0.5001668865976628,-0.4998323597192032,1.1925330660308484,1.1913053178075357
1.202020202020202,0.0001550322677623915,0.5001546758077456,-0.4998446112722209,1.2026172446397962,1.2014231594006077
1.2121212121212122,0.00014313920935016093,0.5001428023439265,-0.49985652392522617,1.2127016131120343,1.21154081113039
1.2222222222222223,0.0001315804283223759,0.5001312623894923,-0.49986810153284755,1.2227861714476849,1.2216582729967598
1.2323232323232323,0.00012035208900825628,0.5001200521275139,-0.49987934794949734,1.2328709196468655,1.231775544999599
1.2424242424242424,0.00010945035573702543,0.5001091677408455,-0.4998902670293714,1.2429558577096897,1.2418926271387951
1.2525252525252526,9.887139283790668e-05,0.5000986054121254,-0.49990086262644956,1.2530409856362668,1.2520095194142384
1.2626262626262625,8.861136464012164e-05,0.5000883613237755,-0.49991113859449526,1.2631263034267013,1.2621262218258238
1.2727272727272727,7.86664354728954e-05,0.5000784316580015,-0.49992109878705565,1.2732118110810946,1.2722427343734508
1.2828282828282829,6.903276966544782e-05,0.5000688125967926,-0.49993074705746166,1.283297508599543,1.2823590570570227
1.2929292929292928,5.970653154700224e-05,0.5000595003219218,-0.4999400872588278,1.29338339598214,1.2924751898764457
1.303030303030303,5.068388544678462e-05,0.5000504910149463,-0.49994912324405266,1.3034694732289744,1.3025911328316315
1.3131313131313131,4.196099569401309e-05,0.500041780857206,-0.4999578588658179,1.3135557403401323,1.312706885922494
1.3232323232323233,3.35340266179136e-05,0.5000333660298255,-0.49996629797658965,1.3236421973156953,1.3228224491489513
1.3333333333333335,2.5399142547708614e-05,0.5000252427137126,-0.49997444442861716,1.333728844155742,1.332937822510925
1.3434343434343434,1.755250781261975e-05,0.500017407089559,-0.49998230207393374,1.3438156808603472,1.3430530060083397
1.3535353535353536,9.990286741870351e-06,0.50000985533784,-0.4999898747643563,1.353902707429583,1.353167999641124
1.3636363636363638,2.708643664683756e-06,0.5000025836388148,-0.49999716635148544,1.3639899238635182,1.3632828034092093
1.3737373737373737,-4.296257089718425e-06,0.4999955881725261,-0.5000041806867055,1.3740773301622178,1.3733974173125296
1.3838383838383839,-1.102825119211285e-05,0.49998886511880053,-0.5000109216211848,1.3841649263257445,1.3835118413510232
1.393939393939394,-1.7491174313275307e-05,0.4999824106572481,-0.5000173930058747,1.394252712354158,1.3936260755246301
1.404040404040404,-2.3688862123985924e-05,0.49997622096726285,-0.5000235986915108,1.4043406882475147,1.4037401198332933
1.4141414141414141,-2.9625150295019623e-05,0.4999702922280225,-0.5000295425286125,1.4144288540058687,1.4138539742769596
1.4242424242424243,-3.5303874497152193e-05,0.4999646206184883,-0.5000352283674826,1.424517209629271,1.4239676388555775
1.4343434343434343,-4.0728870401166364e-05,0.4999592023174055,-0.5000406600582078,1.4346057551177704,1.434081113569098
1.4444444444444444,-4.5903973677834456e-05,0.4999540335033027,-0.5000458414506583,1.4446944904714132,1.4441943984174757
1.4545454545454546,-5.083301999793573e-05,0.49994911035449247,-0.5000507763944884,1.454783415690243,1.4543074934006661
1.4646464646464648,-5.55198450322477e-05,0.499944429049071,-0.5000554687391355,1.4648725307743011,1.4644203985186284
1.474747474747475,-5.9968284451545305e-05,0.49993998576491827,-0.5000599223338213,1.4749618357236265,1.4745331137713233
1.4848484848484849,-6.418217392660779e-05,0.4999357766796978,-0.500064141027551,1.4850513305382558,1.484645639158714
1.494949494949495,-6.816534912821269e-05,0.4999317979708571,-0.5000681286691135,1.4951410152182243,1.4947579746807658
1.5050505050505052,-7.192164572713579e-05,0.4999280458156271,-0.5000718891070813,1.5052308897635645,1.504870120337446
1.5151515151515151,-7.545489939415374e-05,0.4999245163910226,-0.5000754261898109,1.5153209541743067,1.5149820761287236
1.5252525252525253,-7.876894580004581e-05,0.499921205873842,-0.500078743765442,1.5254112084504805,1.52509384205457
1.5353535353535355,-8.186762061558606e-05,0.49991811044066753,-0.5000818456818987,1.5355016525921126,1.5352054181149584
1.5454545454545454,-8.475475951155893e-05,0.4999152262678651,-0.5000847357868883,1.5455922865992278,1.545316804309863
1.5555555555555556,-8.74341981587333e-05,0.49991254953158437,-0.5000874179279018,1.5556831104718503,1.555428000639261
1.5656565656565657,-8.99097722278884e-05,0.4999100764077585,-0.5000898959522142,1.5657741242100016,1.5655390071031299
1.5757575757575757,-9.218531738980525e-05,0.4999078030721045,-0.5000921737068841,1.575865327813702,1.5756498237014493
1.5858585858585859,-9.426466931525788e-05,0.4999057257001231,-0.5000942550387536,1.5859567212829708,1.5857604504342009
1.595959595959596,-9.615166367502558e-05,0.4999038404670989,-0.500096143794449,1.5960483046178253,1.5958708873013667
1.606060606060606,-9.78501361398815e-05,0.4999021435480998,-0.5000978438203796,1.6061400778182813,1.6059811343029307
1.6161616161616164,-9.936392238060754e-05,0.4999006311179778,-0.5000993589627389,1.6162320408843542,1.6160911914388785
1.6262626262626263,-0.0001006968580679786,0.49989929935136845,-0.5001006930675044,1.6263241938160566,1.626201058709196
1.6363636363636365,-0.00010185277887277133,0.49989814442269076,-0.5001018499804363,1.6364165366134018,1.6363107361138711
1.6464646464646466,-0.00010283552046576501,0.499897162506148,-0.5001028335470795,1.6465090692764002,1.646420223652893
1.6565656565656566,-0.00010364891851773542,0.4998963497757268,-0.5001036476127623,1.6566017918050622,1.656529521326251
1.6666666666666667,-0.00010429680869946181,0.4998957024051974,-0.5001042960225963,1.6666947041993974,1.6666386291339361
1.676767676767677,-0.00010478302668171652,0.49989521656811386,-0.5001047826214773,1.6767878064594133,1.6767475470759405
1.6868686868686869,-0.00010511140813528226,0.49989488843781404,-0.5001051112540846,1.6868810985851173,1.6868562751522564
1.696969696969697,-0.00010528578873093136,0.4998947141874195,-0.5001052857648813,1.696974580576516,1.696964813362878
1.7070707070707072,-0.00010531000413944655,0.4998946899898354,-0.5001053099981143,1.707068252433615,1.7070731617077994
1.7171717171717171,-0.00010518789003160015,0.4998948120177505,-0.5001051877978137,1.7171621141564184,1.7171813201870159
1.7272727272727273,-0.00010492328207817314,0.4998950764436377,-0.5001049230077941,1.7272561657449312,1.7272892888005233
1.7373737373737375,-0.00010452001594993786,0.499895479439753,-0.5001045194716529,1.7373504071991568,1.7373970675483181
1.7474747474747474,-0.00010398192731767703,0.49989601717813675,-0.5001039810327721,1.747444838519097,1.7475046564303978
1.7575757575757578,-0.00010331285185216296,0.4998966858306124,-0.5001033115343168,1.7575394597047556,1.75761205544676
1.7676767676767677,-0.00010251662522418013,0.49989748156878755,-0.500102514819236,1.7676342707561326,1.767719264597403
1.7777777777777777,-0.00010159708310449565,0.4998984005640534,-0.5001015947302624,1.77772927167323,1.7778262838823253
1.787878787878788,-0.00010055806116389572,0.49989943898758454,-0.5001005551099124,1.787824462456049,1.787933113301527
1.797979797979798,-9.940339507315266e-05,0.4999005930103398,-0.5000993998004861,1.797919843104589,1.798039752855007
1.8080808080808082,-9.813692050304572e-05,0.49990185880306137,-0.5000981326440674,1.8080154136188507,1.8081462025427657
1.8181818181818183,-9.676247312434896e-05,0.499903232536275,-0.5000967574825237,1.8181111739988334,1.8182524623648033
1.8282828282828283,-9.528388860784165e-05,0.4999047103802907,-0.5000952781575064,1.828207124244536,1.8283585323211207
1.8383838383838385,-9.370500262430477e-05,0.4999062885052017,-0.5000936985104503,1.8383032643559583,1.8384644124117187
1.8484848484848486,-9.202965084450891e-05,0.4999079630808851,-0.5000920223825741,1.8483995943330986,1.8485701026365986
1.8585858585858586,-9.02616689392368e-05,0.4999097302770016,-0.50009025361488,1.8584961141759553,1.8586756029957618
1.8686868686868687,-8.840489257926423e-05,0.4999115862629958,-0.5000883960481544,1.8685928238845275,1.86878091348921
1.878787878787879,-8.646315743536526e-05,0.4999135272080959,-0.5000864535229667,1.878689723458813,1.8788860341169449
1.8888888888888888,-8.444029917831913e-05,0.49991554928131376,-0.5000844298796704,1.8887868128988097,1.888990964878968
1.8989898989898992,-8.234015347890339e-05,0.49991764865144517,-0.500082328958403,1.8988840922045165,1.899095705775282
1.9090909090909092,-8.016655600789381e-05,0.49991982148706915,-0.500080154599085,1.9089815613759302,1.9092002568058881
1.9191919191919191,-7.792334243607486e-05,0.49992206395654903,-0.5000779106414212,1.9190792204130493,1.9193046179707889
1.9292929292929295,-7.56143484342102e-05,0.49992437222803127,-0.5000756009248997,1.9291770693158723,1.9294087892699867
1.9393939393939394,-7.324340967308773e-05,0.4999267424694466,-0.5000732292887928,1.939275108084396,1.939512770703483
1.9494949494949496,-7.081436182348501e-05,0.4999291708485089,-0.5000707995721558,1.9493733367186192,1.94961656227128
1.9595959595959598,-6.833104055617087e-05,0.49993165353271624,-0.5000683156138286,1.9594717552185397,1.95972016397338
1.9696969696969697,-6.579728154193151e-05,0.49993418668934997,-0.5000657812524338,1.9695703635841548,1.9698235758097846
1.97979797979798,-6.321692045153926e-05,0.4999367664854756,-0.5000632003263786,1.9796691618154638,1.979926797780496
1.98989898989899,-6.05937929557699e-05,0.49993938908794194,-0.5000605766738535,1.989768149912464,1.9900298298855161
2.0,-5.793173472540443e-05,0.4999420506633816,-0.5000579141328324,1.999867327875154,2.000132672124846
2.0,-5.793173472667945e-05,0.4999420506633803,-0.5000579141328336,1.9998673278751542,2.000132672124846
2.01010101010101,1.955097451755705e-05,0.49996287243560694,-0.49992377048657183,2.0025727084031577,2.017629311798862
2.0202020202020203,0.00024591449864974635,0.500024888541819,-0.4995330595445195,2.0053367215384483,2.0350673188655923
2.0303030303030303,0.0006200726673917245,0.5001296928644341,-0.49888954752965065,2.008163939747939,2.0524421208581214
2.04040404040404,0.0011409393104582222,0.5002790475085478,-0.49799716888763135,2.011058701005216,2.0697493798028646
2.0505050505050506,0.0018074282575755163,0.5004748658069551,-0.49686000929180413,2.0140251008349157,2.0869850001751855
2.0606060606060606,0.0026184533384645547,0.5007191951477314,-0.4954822884708023,2.017066986097545,2.104145135114576
2.070707070707071,0.003572928382838292,0.5010141997820623,-0.4938683430163857,2.020187950477958,2.121226190936184
2.080808080808081,0.004669767220424781,0.5013621437605462,-0.4920226093196967,2.0233913316234906,2.138224829992671
2.090909090909091,0.005907883680940529,0.5017653741351253,-0.48994960677324434,2.0266802098626493,2.1551379719555324
2.101010101010101,0.007286191594107372,0.5022263045517503,-0.48765392136353564,2.0300574084221834,2.171962793598019
2.111111111111111,0.008803604789643593,0.5027473993456043,-0.4851401897663171,2.033525495049506,2.1886967271727165
2.121212121212121,0.010459037097272805,0.5033311582371267,-0.4824130840425811,2.0370867849387895,2.2053374574854527
2.1313131313131315,0.012251402346711515,0.5039801017130159,-0.47947729701959285,2.0407433448525096,2.2218829177737534
2.1414141414141414,0.01417961436768067,0.504696757162496,-0.4763375284271346,2.0444969983257755,2.2383312845025074
2.1515151515151514,0.016242586989902108,0.5054836458253178,-0.4729984718455136,2.0483493318382773,2.2546809711920255
2.1616161616161618,0.01843923404309944,0.5063432705947541,-0.4694648025085552,2.0523017018379526,2.270930621394371
2.1717171717171717,0.020768469356986508,0.5072781047061936,-0.46574116599222054,2.0563552425014135,2.28707910093293
2.1818181818181817,0.023229206761286925,0.5082905813301721,-0.4618321678075982,2.0605108741185068,2.3031254895178566
2.191919191919192,0.02582036008572164,0.5093830840776563,-0.4577423639062131,2.0647693119919976,2.3190690718463864
2.202020202020202,0.02854084316001071,0.5105579384155814,-0.45347625209556003,2.0691310757480275,2.3349093282923765
2.212121212121212,0.031389569813869755,0.5118174039816926,-0.4490382643539531,2.073596498958488,2.350645925283936
2.2222222222222223,0.03436545387702594,0.5131636677799755,-0.4444327600259236,2.078165738982677,2.3662787054617676
2.2323232323232323,0.03746740917919755,0.5145988382311286,-0.43966401987273357,2.082838786942243,2.3818076777042214
2.242424242424242,0.04069434955010287,0.516124940046955,-0.4347362409467493,2.087615477750486,2.3972330070979986
2.2525252525252526,0.044045188819462844,0.5177439098927608,-0.429653532253835,2.0924955001242633,2.412555004926242
2.2626262626262625,0.04751884081699931,0.5194575927981524,-0.4244199111641538,2.097478406514015,2.42777411873851
2.272727272727273,0.0511142193724341,0.5212677392737869,-0.4190393005289187,2.1025636228946243,2.4428909225599216
2.282828282828283,0.05483023831548106,0.5231760030896109,-0.41351552645864875,2.1077504583668865,2.4579061072896793
2.292929292929293,0.05866581147586469,0.5251839396688867,-0.4078523167171573,2.1130381145261286,2.472820471332457
2.303030303030303,0.06261985268330772,0.5272930050516376,-0.40205329968502207,2.1184256945610698,2.4876349114995366
2.313131313131313,0.06669127576752665,0.5295045553812155,-0.39612200384616225,2.123912212052111,2.5023504142105155
2.323232323232323,0.07087899455824331,0.531819846868188,-0.3900618577517013,2.129496599444009,2.516968047020637
2.3333333333333335,0.07518192288517689,0.5342400361866395,-0.38387619041628573,2.13517771617323,2.531488950493437
2.3434343434343434,0.07959897457804921,0.5367661812593647,-0.3775682321032663,2.1409543564351257,2.545914330433561
2.353535353535354,0.08412906346658122,0.5393992423899878,-0.3711411154568253,2.1468252565805863,2.5602454504901213
2.3636363636363638,0.08877110338049032,0.5421400837019323,-0.36459787694095164,2.1527891021357792,2.5744836251369483
2.3737373737373737,0.09352400814950101,0.5449894748461865,-0.3579414585471845,2.158844534442194,2.5886302130325536
2.383838383838384,0.0983866916033298,0.5479480929419378,-0.3511747097352782,2.1649901569173804,2.602686610759388
2.393939393939394,0.10335806757169763,0.5510165247164669,-0.3443003895730716,2.171224540939499,2.616654246939289
2.404040404040404,0.10843704988432545,0.5541952688129106,-0.33732116904425974,2.177546231361248,2.63053457671956
2.4141414141414144,0.11362255237093599,0.5574847382368529,-0.33023963349498087,2.183953751660711,2.644329076622118
2.4242424242424243,0.11891348886124486,0.560885262914959,-0.3230582851924692,2.1904456087384214,2.658039239746427
2.4343434343434343,0.12430877318497391,0.5643970923411661,-0.3157795459712182,2.1970202973713358,2.6716665713155328
2.4444444444444446,0.1298073191718485,0.5680203982880339,-0.3084057599443368,2.203676304335518,2.6852125845533714
2.4545454545454546,0.13540804065158252,0.57175527756303,-0.300939196259865,2.210412112210277,2.6986787968806323
2.4646464646464645,0.14110985145389865,0.5756017547915591,-0.2933820518837618,2.2172262028771077,2.7120667264158214
2.474747474747475,0.14691166540851786,0.5795597852103535,-0.28573645439331774,2.2241170607272758,2.725377888767674
2.484848484848485,0.15281239634516108,0.5836292574567565,-0.2780044647664344,2.231083175592172,2.738613794104798
2.494949494949495,0.15881095809354218,0.5878099963410616,-0.2701880801539772,2.2381230454106995,2.75177594448829
2.505050505050505,0.1649062644833892,0.5921017655907069,-0.26228923662392856,2.245235178647947,2.764865831453063
2.515151515151515,0.17109722934442484,0.5965042705564959,-0.25430981186764623,2.2524180964792966,2.7778849338237337
2.525252525252525,0.17738276650635942,0.6010171608724886,-0.24625162785976978,2.2596703347539098,2.7908347157511404
2.5353535353535355,0.18376178979891922,0.605640033062431,-0.23811645346459254,2.2669904457512335,2.8037166249558374
2.5454545454545454,0.19023321305182517,0.610372433086626,-0.22990600698297564,2.274376999743822,2.8165320911652687
2.5555555555555554,0.19679595009479467,0.6152138588243459,-0.22162195863475653,2.281828586379354,2.829282524731757
2.5656565656565657,0.20344891475754867,0.6201637624877439,-0.21326593297264645,2.2893438158942714,2.84196931541886
2.5757575757575757,0.21019102086980812,0.6252215529640757,-0.20483951122445948,2.2969213201709877,2.8545938313441637
2.5858585858585856,0.21702118226129752,0.6303865980838379,-0.19634423356124286,2.304559753650099,2.8671574180670722
2.595959595959596,0.2239383127617307,0.6356582268130793,-0.1877816012896178,2.3122577941085147,2.8796613978106773
2.606060606060606,0.23094132620082863,0.6410357313688198,-0.17915307896716248,2.3200141433138843,2.8921070688073276
2.6161616161616164,0.2380291364083158,0.6465183692569454,-0.17046009644031385,2.327827527565179,2.9044957047580535
2.6262626262626263,0.24520065721391138,0.6521053652324962,-0.16170405080467343,2.335696698128734,2.9168285543965187
2.6363636363636367,0.25245480244733454,0.6577959131826712,-0.1528863082880021,2.3436204315785494,2.929106841148724
2.6464646464646466,0.25979048593830445,0.66358917793321,-0.14400820605660114,2.351597530049127,2.941331762880166
2.6565656565656566,0.26720662151654206,0.6694842969791255,-0.13507105394604135,2.3596268214086153,2.953504491722698
2.666666666666667,0.27470212301176833,0.6754803821410296,-0.12607613611749285,2.3677071593595422,2.9656261739737917
2.676767676767677,0.2822759042537042,0.6815765211485192,-0.1170247126411108,2.3758374234739605,2.9776979300613933
2.686868686868687,0.2899268790720706,0.6877717791522644,-0.10791802100812314,2.3840165191693607,2.989720854568013
2.6969696969696972,0.29765396129658495,0.6940652001665981,-0.09875727757342817,2.392243377631276,3.0016960163081183
2.707070707070707,0.3054560647569682,0.7004558084445401,-0.08954367893060378,2.400516955688095,3.0136244584533194
2.717171717171717,0.31333210328294125,0.7069426097872461,-0.08027840322136359,2.4088362356431965,3.0255071987002378
2.7272727272727275,0.3212809907042269,0.7135245927899888,-0.07096261138153503,2.417200225069152,3.037345229476303
2.7373737373737375,0.32930164085054425,0.7202007300267891,-0.06159744832570058,2.425607956568367,3.049139518179108
2.7474747474747474,0.33739296755161075,0.726969979175883,-0.05218404407266153,2.4340584875042386,3.060891007445256
2.757575757575758,0.3455538846371491,0.7338312840882059,-0.04272351481390768,2.4425508997065344,3.072600615444981
2.7676767676767677,0.353783305936882,0.7407835758010604,-0.033216963927296284,2.4510842991544526,3.084269236199083
2.7777777777777777,0.36208014528052335,0.747825773499154,-0.023665482938107385,2.4596578156405142,3.095897739915041
2.787878787878788,0.3704433164977994,0.754956785425192,-0.014070152429593141,2.468270602418179,3.1074869733393973
2.797979797979798,0.3788717334184293,0.7621755097420824,-0.00443204290522381,2.4769218358358467,3.1190377601237493
2.808080808080808,0.38736430987213044,0.769480835348906,0.0052477843953548375,2.485610714959668,3.130550901201948
2.8181818181818183,0.3959199596886238,0.776871642652674,0.014968276724573515,2.494336461187376,3.1420271751762607
2.8282828282828283,0.4045375966976339,0.7843468042978585,0.02472838909740921,2.503098317855149,3.1534673387105077
2.8383838383838382,0.4132161347288781,0.7919051858556428,0.03452708360211332,2.511895549839348,3.1648721269283286
2.8484848484848486,0.42195448761207555,0.7995456464748073,0.04436332874934379,2.5207274431547795,3.1762422538149178
2.8585858585858586,0.43075156917694546,0.8072670394960517,0.0542360988578392,2.5295933045509957,3.1875784126207214
2.8686868686868685,0.4396062932532159,0.8150682130315481,0.06414437347488366,2.538492461107986,3.198881276265751
2.878787878787879,0.44851757367060063,0.8229480105113888,0.0740871368298125,2.5474242598324834,3.2101514977432744
2.888888888888889,0.45748432425881713,0.8309052711986546,0.08406337731897956,2.5563880672559867,3.221389710521791
2.8989898989898992,0.46650545884759165,0.8389388306746364,0.09407208702054698,2.5653832690354896,3.232596528944309
2.909090909090909,0.47557989126664335,0.8470475212957187,0.10411226123756806,2.574409269557782,3.2437725486240363
2.919191919191919,0.48470653534568786,0.8552301726234426,0.11418289806793314,2.5834654915481265,3.2549183468357117
2.9292929292929295,0.4938843049144568,0.8634856118291309,0.12428299799978271,2.592551375683986,3.266034482901873
2.9393939393939394,0.5031121138026586,0.8718126640743564,0.1344115635309608,2.6016663802144326,3.2771214985734463
2.94949494949495,0.5123888758400197,0.8802101528686708,0.1445675988113686,2.6108099805857696,3.28817991840413
2.95959595959596,0.5217135048562573,0.8886769004056696,0.15475010930684513,2.619981669073836,3.2992102501180836
2.9696969696969697,0.5310849146810943,0.8972117278786824,0.16495810148350626,2.629180954423417,3.3102129849705224
2.97979797979798,0.5405020191442516,0.9058134557771296,0.17519058251137354,2.6384073614951,3.32118859810086
2.98989898989899,0.5499637320754447,0.9144809041646451,0.18544655998624432,2.647660430919888,3.332137548878092
3.0,0.5594689673043982,0.9232128929399863,0.1957250416688101,2.656939718761831,3.343060281238169
3.0,0.5594689673044009,0.9232128929399893,0.19572504166881244,2.656939718761831,3.343060281238169
3.01010101010101,0.5690203826757099,0.9318800974614084,0.2061606678900113,2.6661056214899976,3.3540963987120223
3.0202020202020203,0.5786200923606337,0.9406315398593028,0.21660864486196457,2.6753140501596913,3.3650899902443494
3.0303030303030303,0.5882661946788623,0.9494651233512248,0.2270672660064998,2.6845642070188385,3.376041853587222
3.04040404040404,0.5979567879501069,0.9583787551169398,0.23753482078327393,2.693855334471396,3.3869527463366844
3.0505050505050506,0.6076899704940573,0.9673703468919366,0.2480095940961779,2.703186714055217,3.3978233869548844
3.0606060606060606,0.6174638406303998,0.9764378155099653,0.2584898657508343,2.7125576654665844,3.4086544557455367
3.070707070707071,0.6272764966788635,0.9855790833984387,0.2689739099592884,2.7219675456313186,3.4194465957828233
3.080808080808081,0.637126036959117,0.9947920790301149,0.279459994888119,2.731415747822271,3.430200413793891
3.090909090909091,0.6470105597908749,1.004074737334742,0.28994638224700764,2.740901700822936,3.4409164809952455
3.101010101010101,0.6569281634938378,1.0134250000733542,0.30043132691432123,2.7504248681368417,3.4515953338833607
3.111111111111111,0.6668769463876956,1.0228408161782865,0.3109130765971047,2.7599847472423362,3.462237474979886
3.121212121212121,0.6768550067921559,1.0323201420614645,0.32138987152284737,2.769580868892348,3.4728433735318944
3.1313131313131315,0.6868604430269087,1.0418609418932838,0.3318599441605336,2.7792127964586686,3.4834134661675944
3.1414141414141414,0.6968913534116545,1.05146118785439,0.34232151896891894,2.7888801253203024,3.4939481575079805
3.1515151515151514,0.7069458362660974,1.061118860362268,0.3527728121699268,2.7985824822954073,3.5044478207348955
3.1616161616161618,0.7170219899099308,1.0708319482744941,0.3632120315453674,2.80831952511637,3.5149127981159536
3.1717171717171717,0.7271179126628553,1.0805984490703393,0.37363737625537136,2.81809094194755,3.5253434014867935
3.1818181818181817,0.737231702844575,1.090416369012172,0.38404703667697787,2.8278964509452624,3.535739912691101
3.191919191919192,0.7473614587747797,1.100283723288007,0.3944391942615523,2.8377357998595762,3.546102583978808
3.202020202020202,0.7575052787731771,1.1101985361364628,0.4048120214098915,2.847608765677531,3.556431638362873
3.212121212121212,0.7676612611594571,1.1201588409550585,0.41516368136385573,2.8575151543074124,3.5667272699350114
3.2222222222222223,0.7778275042533238,1.1301626803929303,0.4254923281137173,2.8674548003037597,3.576989644140685
3.2323232323232323,0.7880021063744707,1.14020810642862,0.43579610632032123,2.877427566632798,3.5872188980136666
3.242424242424242,0.7981831658426053,1.1502931804337275,0.44607315125148295,2.887433344478056,3.5974151403704284
3.2525252525252526,0.808368780977414,1.1604159732228683,0.45632158873195977,2.89747205308594,3.607578451964565
3.2626262626262625,0.8185570500986117,1.170574565090515,0.46653953510670837,2.9075436396510947,3.6177088856014303
3.272727272727273,0.8287460715258845,1.1807670458348651,0.47672509721690387,2.917648079241431,3.627806466213115
3.282828282828283,0.8389339435789402,1.1909915147691401,0.4868763723887403,2.927785374762712,3.6378711908938537
3.292929292929293,0.8491187645774652,1.2012460807202352,0.496991448434695,2.937955556962687,3.6479030288958985
3.303030303030303,0.8592986328411669,1.211528862014874,0.5070684036674596,2.9481586844747505,3.657901921585856
3.313131313131313,0.869471646689739,1.2218379864529878,0.5171053069264901,2.958394843901195,3.6678677823614314
3.323232323232323,0.8796359044428925,1.232171591268225,0.5271002176175601,2.9686641499361417,3.6778004965285045
3.3333333333333335,0.8897895044203104,1.242527823075108,0.5370511857655127,2.9789667455282944,3.6876999211383725
3.3434343434343434,0.8999305449417072,1.2529048378025527,0.5469562520808618,2.989302802083695,3.697565884784992
3.353535353535354,0.9100571243267623,1.2633008006129398,0.5568134480405849,2.9996725197087053,3.7073981873620023
3.3636363636363638,0.9201673408951905,1.2737138858063126,0.5666207959840683,3.0100761274934853,3.717196599779242
3.3737373737373737,0.9302592929666851,1.284142276708591,0.5763763092247791,3.0205138838362546,3.7269608636384928
3.383838383838384,0.9403310788609467,1.2945841655430952,0.5860779921787982,3.0309860768087002,3.736690690868068
3.393939393939394,0.9503807968976687,1.3050377532841253,0.5957238405112121,3.0414930245628673,3.7463857633159208
3.404040404040404,0.9604065453965553,1.3155012494914833,0.6053118413016273,3.052035075779971,3.756045732300837
3.4141414141414144,0.9704064226772999,1.3259728721244612,0.6148399732301386,3.062612610161514,3.765670218121315
3.4242424242424243,0.9803785270596137,1.3364508473338783,0.6243062067853491,3.0732260389631874,3.7752588095216613
3.4343434343434343,0.9903209568631723,1.3469334092303327,0.6337085044960119,3.0838758055719886,3.78481106311488
3.4444444444444446,1.0002318104077048,1.357418799627042,0.6430448211883678,3.0945623861270377,3.7943265027618516
3.4545454545454546,1.0101091860128797,1.3679052677548702,0.6523131042708892,3.105286290184548,3.8038046189063612
3.4646464646464645,1.0199511819984188,1.3783910699477604,0.6615112940490773,3.116048061427426,3.813244867865503
3.474747474747475,1.0297558966840086,1.3888744692956825,0.6706373240723347,3.126848278419927,3.822646671075023
3.484848484848485,1.0395214283893495,1.3993537352628045,0.6796891215158944,3.137687555407789,3.8320094142891805
3.494949494949495,1.049245875434142,1.4098271432677993,0.6886646076004848,3.148566543164231,3.8413324467347585
3.505050505050505,1.0589273361380869,1.420292974223247,0.6975616980529267,3.159485929882122,3.8506150802188883
3.515151515151515,1.068563908820881,1.4307495140307283,0.7063783036110335,3.1704464421125818,3.8598565881904485
3.525252525252525,1.0781536918022283,1.4411950530279967,0.71511233057646,3.181448845750195,3.8690562047548553
3.5353535353535355,1.0876947834018083,1.451627885384212,0.7237616814194046,3.1924939470648814,3.8782131236421895
3.5454545454545454,1.0971852819393426,1.4620463084391562,0.7323242554395291,3.203582593780381,3.88732649712871
3.5555555555555554,1.1066232857345248,1.472448621981604,0.7407979494874457,3.2147156761991167,3.896395434911994
3.5656565656565657,1.1160068931070377,1.4828331274621855,0.7491806587518899,3.225894128373069,3.9054190029400626
3.5757575757575757,1.125334202376596,1.493198127135394,0.757470277617798,3.2371189293200295,3.914396222195122
3.5858585858585856,1.1346033118628966,1.5035419231249678,0.7656647006008256,3.2483911042844134,3.923326067432758
3.595959595959596,1.1438123198856402,1.5138628164067676,0.773761823364513,3.2597117260414845,3.9322074658777075
3.606060606060606,1.1529593247645167,1.524159105702548,0.7817595438264852,3.271081916243541,3.9410392958776708
3.6161616161616164,1.1620424248192371,1.5344290862778127,0.7896557633606616,3.282502846806252,3.949820385516981
3.6262626262626263,1.1710597183694809,1.5446710486362105,0.7974483881027512,3.293975741332865,3.9585495111923876
3.6363636363636367,1.1800093037349697,1.5548832771028553,0.8051353303670841,3.305501876573579,3.9672253961536943
3.6464646464646466,1.1888892792353865,1.565064048287912,0.812714510182861,3.3170825839167914,3.975846709012502
3.6565656565656566,1.1976977431904352,1.5752116294218677,0.8201838569590028,3.3287192509083106,3.9844120622230026
3.666666666666667,1.2064327939198058,1.5853242765528603,0.8275413112867513,3.3404133227939554,3.9929200105393785
3.676767676767677,1.2150925297432131,1.5954002325962777,0.8347848268901485,3.3521663040801526,4.001369049455201
3.686868686868687,1.223675048980347,1.6054377252259684,0.8419123727347255,3.363979760106277,4.009757613631097
3.6969696969696972,1.2321784499509185,1.6154349645962067,0.8489219353056303,3.3758553186215052,4.01808407531789
3.707070707070707,1.2406008309745964,1.6253901408825937,0.8558115210665991,3.387794671357835,4.026346742783579
3.717171717171717,1.248940290371113,1.635301421630038,0.8625791591121881,3.3997995755897508,4.0345438587536835
3.7272727272727275,1.2571949264601407,1.6451669488947402,0.8692229040255413,3.4118718556696095,4.0426735988758455
3.7373737373737375,1.2653628375614012,1.654984836167466,0.8757408389553365,3.4240134045263657,4.050734070221109
3.7474747474747474,1.2734421219945702,1.664753165064047,0.8821310789250933,3.436226185113605,4.05872330983589
3.757575757575758,1.2814308780793695,1.6744699817694353,0.8883917743893036,3.4485122317909935,4.066639283360522
3.7676767676767677,1.2893272041354784,1.6841332932205695,0.8945211150503873,3.460873651621316,4.074479883732219
3.7777777777777777,1.2971291984826117,1.6937410630137308,0.9005173339514925,3.4733126255630307,4.082242929992525
3.787878787878788,1.304834959440445,1.7032912070212851,0.9063787118596047,3.4858314095359257,4.08992616622165
3.797979797979798,1.3124425853287036,1.7127815887032882,0.912103581954119,3.4984323353348206,4.0975272606247755
3.808080808080808,1.319950174467074,1.722210014098945,0.9176903348352032,3.5111178113634702,4.105043804798146
3.8181818181818183,1.3273558251752569,1.7315742264838896,0.9231374238666241,3.523890323157764,4.112473313205873
3.8282828282828283,1.334657635772949,1.7408719006792917,0.9284433708666062,3.5367524336640175,4.119813222901639
3.8383838383838382,1.3418537045798473,1.7501006369999306,0.9336067721597641,3.549706783234677,4.127060893533
3.8484848484848486,1.348942129915656,1.7592579548294247,0.9386263050018876,3.562756089299964,4.134213607669733
3.8585858585858586,1.3559210101000652,1.7683412858122907,0.9435007343878397,3.5759031456700314,4.141268571501685
3.8686868686868685,1.3627884434527857,1.7773479666545915,0.9482289202509799,3.5891508214180208,4.148222915955716
3.878787878787879,1.3695425282935112,1.7862752315271204,0.952809825059902,3.6025020592900105,4.155073698285747
3.888888888888889,1.3761813629419386,1.7951202040683252,0.957242521815552,3.6159598735832965,4.161817904194481
3.8989898989898992,1.382703045717765,1.803879888987567,0.9615262024479629,3.6295273474297898,4.168452450550009
3.909090909090909,1.3891056749406943,1.8125511632737188,0.9656601866076697,3.643207629416526,4.174974188765293
3.919191919191919,1.39538734893042,1.8211307670191565,0.9696439308416835,3.6570039294705756,4.181379908913263
3.9292929292929295,1.4015461660066464,1.8296152938752186,0.9734770381380742,3.6709195139308997,4.187666344654959
3.9393939393939394,1.4075802244890632,1.8380011811619938,0.9771592678161325,3.684957699725218,4.193830179062661
3.94949494949495,1.4134876226973745,1.8462846996634095,0.9806905457313395,3.699121847565737,4.199868051424162
3.95959595959596,1.4192664589512916,1.8544619431474507,0.9840709747551324,3.713415354073773,4.205776565118146
3.9696969696969697,1.42491483157049,1.8625288176617005,0.9873008454792795,3.7278416427402083,4.211552296653731
3.97979797979798,1.4304308388746918,1.8704810306659945,0.9903806470833892,3.7424041536262833,4.217191805969677
3.98989898989899,1.435812579183576,1.8783140800763651,0.993311078290787,3.757106331707996,4.222691648089984
4.0,1.441058150816847,1.8860232433091466,0.9960930583245473,3.7719516137673423,4.228048386232658
4.0,1.4410581508168576,1.8860232433091568,0.9960930583245584,3.771951613767342,4.228048386232658
4.01010101010101,1.446136603039264,1.8945867018917517,0.9976865041867763,3.78898450497488,4.231217515227141
4.02020202020202,1.4510199981967986,1.9028534300994422,0.9991865662941551,3.806083945731229,4.234320094672811
4.03030303030303,1.4557109542311224,1.9108221840947932,1.0005997243674516,3.8232432117674753,4.237362848838585
4.040404040404041,1.4602120890838535,1.918492032129968,1.0019321460377388,3.840455312471978,4.240352768336104
4.05050505050505,1.4645260206966526,1.9258623764617364,1.0031896649315688,3.857713020458702,4.2432970805513985
4.0606060606060606,1.4686553670110953,1.9329329727634181,1.0043777612587725,3.8750089033086206,4.246203217903501
4.070707070707071,1.4726027459688709,1.9397039467828063,1.0055015451549354,3.892335357147495,4.249078784266647
4.08080808080808,1.4763707755116258,1.9461758080355231,1.0065657429877284,3.909684641691109,4.251931519925051
4.090909090909091,1.4799620735809071,1.9523494603705314,1.007574686791283,3.9270489163636264,4.254769265454556
4.101010101010101,1.4833792581184753,1.9582262092941107,1.0085323069428398,3.944420277077626,4.257599924942577
4.111111111111111,1.4866249470658772,1.963807765989034,1.0094421281427204,3.961790793255336,4.260431428966886
4.121212121212121,1.489701758364717,1.9690962480209724,1.0103072687084615,3.9791525446703817,4.2632716977538605
4.1313131313131315,1.492612309956698,1.974094176773885,1.0111304431395107,3.996497657697391,4.2661286049288725
4.141414141414142,1.4953592197834666,1.9788044717073567,1.0119139678595765,4.01381834057318,4.269009942255104
4.151515151515151,1.4979451057865845,1.9832304415762225,1.0126597699969464,4.03110691729698,4.271923385733323
4.161616161616162,1.5003725859077406,1.9873757727954542,1.013369399020027,4.048355859827712,4.2748764634046115
4.171717171717172,1.502644278088539,1.9912445151701677,1.0140440410069103,4.065557818272569,4.277876525161775
4.181818181818182,1.5047628002706546,1.994841065243807,1.014684535297502,4.082705648801895,4.280930714834469
4.191919191919192,1.5067307703956772,1.9981701475414444,1.01529139324991,4.099792439069759,4.284045944768625
4.202020202020202,1.5085508064052533,2.0012367940049645,1.0158648188055421,4.116811530965566,4.287228873074839
4.212121212121212,1.5102255262410011,2.004046321927671,1.0164047305543313,4.1337565405696495,4.290485883672774
4.222222222222222,1.5117575478446241,2.0066043107019005,1.0169107849873475,4.1506213752323,4.293823069212145
4.232323232323233,1.5131494891576693,2.0089165776911684,1.0173824006241703,4.167400247741363,4.297246216905102
4.242424242424242,1.514403968121826,2.0109891535328153,1.0178187827108365,4.184087687586532,4.300760797261953
4.252525252525253,1.515523602678698,2.012828257163009,1.018218948194387,4.200678549368351,4.3043719556821545
4.262626262626263,1.5165110107699462,2.014440270841235,1.0185817506986576,4.217168018436026,4.3080845068165
4.2727272727272725,1.5173688103371603,2.015831715429483,1.0189059052448373,4.233551613869739,4.311902931584806
4.282828282828283,1.5180996193220437,2.0170092261592742,1.0191900124848132,4.249825188950283,4.315831376706282
4.292929292929293,1.5187060556661578,2.0179795290928793,1.0194325822394363,4.265984929280898,4.3198736565776885
4.303030303030303,1.5191907373111917,2.0187494184600965,1.0196320561622871,4.282027348743654,4.324033257316952
4.313131313131313,1.5195562821987352,2.0193257350225613,1.019786829374909,4.297949283485268,4.328313342777358
4.3232323232323235,1.5198053082704632,2.019715345592197,1.0198952709487297,4.313747884135417,4.33271676232923
4.333333333333333,1.5199404334679656,2.0199251238020297,1.0199557431339015,4.3294206064645,4.337246060202166
4.343434343434343,1.5199642757329315,2.0199619322035076,1.019966619262355,4.344965200688138,4.3419034861805486
4.353535353535354,1.5198794530069364,2.019832605738913,1.01992630027496,4.360379699622224,4.3466910074484835
4.363636363636363,1.5196885832316411,2.019543936616792,1.01983322984649,4.37566240588666,4.351610321386067
4.373737373737374,1.5193942843486923,2.019102660596613,1.0196859081007712,4.390811878347059,4.356662869127688
4.383838383838384,1.5189991742997222,2.0185154446719555,1.0194829039274889,4.405826917973559,4.361849849703209
4.393939393939394,1.518505871026349,2.0177888761252945,1.0192228659274036,4.4207065532837575,4.36717223459503
4.404040404040404,1.5179169924702052,2.0169294529140913,1.018904532026319,4.43545002552394,4.372630782556868
4.414141414141414,1.5172351565729514,2.0159435753365567,1.0185267378093463,4.4500567737289884,4.37822605455384
4.424242424242424,1.5164629812761774,2.014837538916254,1.0180884236361007,4.46452641978728,4.383958428697568
4.434343434343434,1.515603084521544,2.0136175284380218,1.0175886406050663,4.478858753622995,4.389828115063874
4.444444444444445,1.5146580842506978,2.0122896130615655,1.0170265554398301,4.493053718594122,4.395835170294768
4.454545454545455,1.513630598405257,2.010859742436219,1.016401454374295,4.50711139719121,4.4019795118997
4.4646464646464645,1.5125232449268537,2.0093337437379355,1.015712746115772,4.521031997109005,4.408260932183924
4.474747474747475,1.5113386417571206,2.007717319548662,1.014959963965579,4.534815837750981,4.414679111743969
4.484848484848484,1.5100794068376757,2.006016046498755,1.0141427671765963,4.548463337215496,4.4212336324814725
4.494949494949495,1.5087481581102367,2.0042353745944395,1.0132609416260339,4.561974999802026,4.427923990096963
4.505050505050505,1.507347513516308,2.0023806271537516,1.0123143998788644,4.575351404066221,4.4347496060347895
4.515151515151516,1.5058800909976071,2.0004570012788037,1.0113031807164106,4.588593191444376,4.441709838858655
4.525252525252525,1.5043485084957808,1.9984695687928644,1.0102274481986973,4.601701055460018,4.448803995045032
4.5353535353535355,1.5027553839524046,1.9964232775767692,1.00908749032804,4.614675731518815,4.456031339188256
4.545454545454546,1.5011033353091392,1.9943229532419053,1.007883717376373,4.627517987292287,4.463391103616805
4.555555555555555,1.4993949805076312,1.9921733010807794,1.006616659934483,4.640228613685681,4.470882497425429
4.565656565656566,1.4976329374894846,1.9899789082409676,1.0052869667380016,4.652808416381493,4.478504714931638
4.575757575757576,1.4958198241963743,1.9877442460721402,1.0038954023206084,4.665258207946368,4.486256943568784
4.585858585858586,1.4939582585699185,1.9854736725993942,1.0024428445404427,4.677578800486732,4.49413837123044
4.595959595959596,1.4920508585517354,1.983171435080914,1.0009302820225567,4.689770998836043,4.502148193083149
4.606060606060606,1.490100242083443,1.980841672611098,0.9993588115557881,4.70183559425518,4.510285617866033
4.616161616161616,1.488109027106745,1.9784884187342997,0.9977296354791901,4.713773358626287,4.518549873696945
4.626262626262626,1.4860798315632024,1.976115604037242,0.9960440590891628,4.725585039119802,4.52694021340545
4.636363636363637,1.4840152733944905,1.973727058692579,0.994303488096402,4.73727135331412,4.535455919413153
4.646464646464646,1.4819179705421845,1.9713265149273802,0.9925094261569889,4.748832984747359,4.544096308181933
4.656565656565657,1.4797905409480592,1.9689176093950236,0.9906634725010947,4.760270578881228,4.5528607342500855
4.666666666666667,1.4776356025535478,1.9665038854292856,0.98876731967781,4.771584739457429,4.561748593875905
4.6767676767676765,1.4754557733004816,1.9640887951652548,0.9868227514357084,4.7827760252280695,4.570759328307283
4.686868686868687,1.4732536711303368,1.9616757015090256,0.984831640751648,4.793844947042424,4.57989242669495
4.696969696969697,1.471031913984831,1.9592678799457184,0.9827959480239434,4.804791965273788,4.589147428665607
4.707070707070708,1.4687931198056106,1.9568685201721656,0.9807177194390555,4.815617487571223,4.598523926570192
4.717171717171717,1.4665399065342655,1.954480727545709,0.9785990855228219,4.826321866922775,4.608021567420659
4.7272727272727275,1.4642748921124138,1.95210752434067,0.9764422598841576,4.836905400017904,4.617640054527551
4.737373737373737,1.4620006944817732,1.9497518508055687,0.9742495381579777,4.847368325898811,4.627379148848663
4.747474747474747,1.4597199315838907,1.9474165660152905,0.9720232971524909,4.857710824891742,4.637238670057752
4.757575757575758,1.4574352213604271,1.9451044485147717,0.9697659942060826,4.867933017811251,4.647218497340265
4.767676767676768,1.4551491817530149,1.942818196750089,0.9674801667559408,4.878034965432003,4.657318569921533
4.777777777777778,1.4528644307033147,1.940560429285488,0.9651684321211413,4.888016668224555,4.667538887331
4.787878787878788,1.4505835861529448,1.9383336848049892,0.9628334875009005,4.897878066353336,4.6778795094042405
4.797979797979798,1.4483092660435375,1.9361404218988283,0.9604781101882467,4.907619039936732,4.6883405560228635
4.808080808080808,1.4460440883167252,1.9339830186355407,0.9581051579979096,4.917239409571162,4.698922206590454
4.818181818181818,1.4437906709141402,1.9318637719218432,0.9557175699064371,4.926738937122607,4.709624699241029
4.828282828282829,1.4415516317774149,1.9297848966534323,0.9533183669013974,4.93611732679098,4.720448329774677
4.838383838383838,1.4393295888481816,1.927748524660982,0.9509106530353814,4.945374226454411,4.7313934503132655
4.848484848484849,1.4371271600680728,1.925756703456827,0.9484976166793186,4.954509229302175,4.742460467667522
4.858585858585859,1.4349469633787493,1.9238113947891418,0.9460825319683568,4.963521875766776,4.753649841404942
4.8686868686868685,1.432791616721829,1.921914473011676,0.9436687604319822,4.972411655767209,4.764962081606528
4.878787878787879,1.4306637380389162,1.9200677232789947,0.9412597527988378,4.981178011276947,4.7763977462988105
4.888888888888889,1.4285659452716999,1.9182728395785782,0.9388590509648216,4.989820339231743,4.7879574385460355
4.898989898989899,1.4265008563617414,1.916531422612656,0.9364702901108268,4.998337994793532,4.799641803186265
4.909090909090909,1.4244710892507726,1.9148449775458467,0.9340972009556985,5.006730294988047,4.811451523193772
4.91919191919192,1.4224792618803264,1.9132149116348651,0.9317436121257876,5.014996522734707,4.823387315649132
4.929292929292929,1.420527992192092,1.9116425317615382,0.9294134526226456,5.023135931288233,4.835449927297625
4.9393939393939394,1.4186198981276874,1.9101290418902406,0.9271107543651343,5.03114774911213,4.8476401296757485
4.94949494949495,1.416757597628802,1.9086755404759592,0.9248396547816448,5.039031185204415,4.859958713785485
4.959595959595959,1.4149437086370114,1.9072830178505464,0.9226043994234763,5.046785434896244,4.8724064842956745
4.96969696969697,1.4131808490939193,1.9059523536193128,0.9204093445685257,5.054409686143676,4.884984253250264
4.97979797979798,1.4114716369412434,1.9046843141025094,0.9182589597799775,5.061903126332268,4.897692833263692
4.98989898989899,1.4098186901205594,1.9034795498599837,0.916157830381135,5.06926494961304,4.910533030184939
5.0,1.4082246265734852,1.9023385933421397,0.9141106598048306,5.076494364786858,4.923505635213142
5.0,1.408224626573471,1.9023385933421255,0.9141106598048164,5.076494364786858,4.923505635213142
5.01010101010101,1.406702813558681,1.9014185450492664,0.9119870820680955,5.082601665378981,4.93760035482304
5.02020202020202,1.4052631626907868,1.9005326084437524,0.9099937169378212,5.088818170659112,4.951585869744928
5.03030303030303,1.4039031084455473,1.8996806973670157,0.9081255195240789,5.095145781040607,4.965460279565454
5.040404040404041,1.402620085298608,1.8988627050132303,0.9063774655839856,5.101586246794206,4.979221834013876
5.05050505050505,1.4014115277256565,1.8980784958745414,0.9047445595767715,5.108141174158489,4.992868926851611
5.0606060606060606,1.4002748702024377,1.8973278982488169,0.9032218421560584,5.114812031770917,5.006400089441204
5.070707070707071,1.3992075472046395,1.896610697307231,0.901804397102048,5.1216001573497465,5.019813984064395
5.08080808080808,1.3982069932078787,1.8959266287139416,0.9004873577018158,5.128506764560486,5.033109397055675
5.090909090909091,1.3972706426879284,1.8952753727853398,0.8992659125905171,5.1355329500049205,5.046285231813261
5.101010101010101,1.396395930120491,1.894656549171536,0.8981353110694459,5.142679700274667,5.0593405017455355
5.111111111111111,1.395580289981197,1.8940697120407535,0.8970908679216406,5.149947899015484,5.072274323206737
5.121212121212121,1.3948211567458486,1.893514345743834,0.8961279677478633,5.157338333953283,5.085085908470959
5.1313131313131315,1.3941159648900054,1.8929898609329552,0.8952420688470557,5.164851703836842,5.097774558789421
5.141414141414142,1.3934621488894834,1.8924955911094652,0.8944287066695016,5.172488625256615,5.110339657571669
5.151515151515151,1.392857143219942,1.8920307895711381,0.8936834968687457,5.180249639303363,5.12278066372694
5.161616161616162,1.392298382357069,1.8915946267317927,0.8930021379823452,5.188135218034068,5.1350971051982555
5.171717171717172,1.3917833007765381,1.891186187783538,0.8923804137695381,5.196145770716575,5.14728857271777
5.181818181818182,1.39130933295408,1.8908044706731337,0.8918141952350263,5.204281649827899,5.159354713808464
5.191919191919192,1.390873913365354,1.89044838436366,0.8912994423670482,5.2125431567844345,5.17129522705395
5.202020202020202,1.3904744764861334,1.8901167473541713,0.8908322056180956,5.22093054738538,5.183109856655025
5.212121212121212,1.390108456792035,1.8898082864296242,0.8904086271544458,5.229444036953333,5.194798387289091
5.222222222222222,1.389773288758775,1.8895216356162172,0.8900249419013329,5.238083805158789,5.206360639285656
5.232323232323233,1.3894664068620557,1.889255335316697,0.8896774784074143,5.246850000517201,5.217796464129265
5.242424242424242,1.3891852455776075,1.8890078316030339,0.8893626595521811,5.255742744549304,5.229105740299181
5.252525252525253,1.3889272393810472,1.8887774756445495,0.889077003117545,5.264762135597386,5.240288369453119
5.262626262626263,1.3886898227481481,1.888562523252185,0.8888171222441112,5.273908252291279,5.251344272961247
5.2727272727272725,1.388470430154598,1.8883611345197968,0.8885797257893993,5.283181156659355,5.26227338879519
5.282828282828283,1.3882664960760565,1.8881713735469028,0.8883616186052101,5.2925808968808425,5.273075668775723
5.292929292929293,1.3880754549882397,1.8879912082280612,0.8881597017484182,5.302107509676677,5.283751076181909
5.303030303030303,1.3878947413668214,1.88781851009601,0.8879709726376328,5.311761022336564,5.294299583724041
5.313131313131313,1.3877217896875322,1.8876510542081848,0.8877925251668797,5.321541454380982,5.304721171881645
5.3232323232323235,1.3875540344260457,1.8874865190673742,0.8876215497847173,5.33144881885685,5.315015827607797
5.333333333333333,1.3873889100580925,1.887322486570064,0.887455333546121,5.341483123266132,5.325183543400534
5.343434343434343,1.3872238510592751,1.887156441976998,0.8872912601415524,5.351644370126918,5.335224316741769
5.353535353535354,1.3870562919054379,1.8869857739038214,0.8871268099070544,5.3619325571668,5.3451381499039075
5.363636363636363,1.3868836670721407,1.8868077743293301,0.8869595598149513,5.372347677148241,5.354925050124486
5.373737373737374,1.3867034110351426,1.8866196386241572,0.8867871834461281,5.382889717326236,5.364585030148511
5.383838383838384,1.3865129582701599,1.886418465601051,0.8866074509392687,5.393558658538433,5.374118109138335
5.393939393939394,1.3863097432528377,1.886201257592528,0.8864182289131476,5.4043544739281115,5.383524313950676
5.404040404040404,1.3860912004589068,1.8859649205626616,0.8862174803551518,5.415277127300896,5.392803680779912
5.414141414141414,1.3858547643640975,1.8857062642613165,0.8860032644668785,5.426326571116214,5.401956257166614
5.424242424242424,1.3855978694439557,1.8854220024316284,0.8857737364562829,5.437502744114928,5.4109821043699196
5.434343434343434,1.3853179501743682,1.8851087530841122,0.8855271472646242,5.448805568585425,5.419881300101443
5.444444444444445,1.3850124410309377,1.884763038849981,0.8852618432118944,5.46023494727079,5.4286539416181
5.454545454545455,1.3846787764893236,1.8843812874320964,0.8849762655465507,5.471790759920771,5.437300149170139
5.4646464646464645,1.3843143910253275,1.8839598321704174,0.8846689498802376,5.48347285949329,5.445820069799639
5.474747474747475,1.383916719114552,1.8834949127416056,0.8843385254874984,5.495281068011441,5.454213881483509
5.484848484848484,1.3834831952327704,1.8829826760154207,0.88398371445012,5.507215172083357,5.462481797613612
5.494949494949495,1.3830112538555568,1.8824191770894907,0.8836033306216228,5.519274918094203,5.470624071804787
5.505050505050505,1.3824983294587696,1.8818003805285424,0.8831962783889968,5.531460007081367,5.478641003019644
5.515151515151516,1.3819418565180115,1.881122161831994,0.8827615512040289,5.54377008930606,5.486532940996971
5.525252525252525,1.3813392695089703,1.8803803091586992,0.8822982298592413,5.55620475853734,5.49430029196771
5.5353535353535355,1.3806880029073625,1.8795705253353667,0.8818054804793583,5.568763546066969,5.501943524640102
5.545454545454546,1.3799854911888758,1.8786884301775184,0.8812825522002333,5.581445914476721,5.509463176432371
5.555555555555555,1.3792291688292266,1.8777295631519417,0.8807287745065115,5.594251251183073,5.516859859928037
5.565656565656566,1.3784164703041313,1.8766893864093486,0.880143554198914,5.607178861787718,5.524134269525414
5.575757575757576,1.3775448300892208,1.875563288215878,0.8795263719625636,5.620227963265973,5.53128718824918
5.585858585858586,1.3766116826602115,1.8743465868116522,0.8788767785087708,5.633397677029497,5.538319494687674
5.595959595959596,1.3756144624928481,1.8730345347226576,0.8781943902630387,5.64668702190347,5.545232170015722
5.606060606060606,1.3745506040627617,1.8716223235511835,0.87747888457434,5.660094907063061,5.552026305058152
5.616161616161616,1.3734175418457255,1.870105089268236,0.876729994423215,5.673620124978077,5.5587031073451545
5.626262626262626,1.3722127103173705,1.8684779180271633,0.8759475026075776,5.68726134441929,5.565263908105963
5.636363636363637,1.370933543953413,1.866735852516365,0.8751312353904608,5.701017103584252,5.571710169143022
5.646464646464646,1.3695774772295124,1.8648738988630873,0.8742810555959375,5.71488580340441,5.578043489524882
5.656565656565657,1.3681419446214704,1.8628870340972368,0.8733968551457041,5.7288657010996396,5.584265612031674
5.666666666666667,1.3666243806048612,1.8607702141772893,0.8724785470324331,5.742954904049701,5.590378429283633
5.6767676767676765,1.3650222196554864,1.8585183825767648,0.871526056734208,5.757151364055429,5.596383989479924
5.686868686868687,1.3633328962489202,1.8561264794200563,0.870539313077784,5.771452872065167,5.602284501672207
5.696969696969697,1.361553844861021,1.8535894511528828,0.8695182385691591,5.785857053444058,5.608082340495336
5.707070707070708,1.3596824999673345,1.8509022607210694,0.8684627392135995,5.800361363864641,5.613780050276774
5.717171717171717,1.3577162960436056,1.848059898227436,0.867372693859775,5.81496308589813,5.619380348445304
5.7272727272727275,1.355652667565579,1.8450573920240827,0.8662479431070751,5.829659326384603,5.624886128160852
5.737373737373737,1.3534890490089424,1.8418898201912761,0.8650882778266087,5.844447014658509,5.630300460088965
5.747474747474747,1.3512228748492987,1.838552322344171,0.8638934273544263,5.8593229017033375,5.635626593246157
5.757575757575758,1.3488515795624494,1.8350401117001995,0.8626630474246992,5.874283560304367,5.640867954847149
5.767676767676768,1.3463725976239687,1.8313484873298749,0.8613967079180626,5.889325386263108,5.646028149090428
5.777777777777778,1.343783363509715,1.8274728465080585,0.8600938805113715,5.904444600729943,5.651110954825612
5.787878787878788,1.3410813116952909,1.8234086970713292,0.8587539263192526,5.919637253702866,5.6561203220547105
5.797979797979798,1.3382638766563844,1.8191516696839547,0.8573760836288139,5.934899228730413,5.661060367229182
5.808080808080808,1.335328492868797,1.8146975299056916,0.8559594558319025,5.950226248845964,5.665935367315652
5.818181818181818,1.3322725948080745,1.8100421899508996,0.8545029996652493,5.965613883747831,5.670749752615806
5.828282828282829,1.3290936169499332,1.8051817200260878,0.8530055138737788,5.981057558226459,5.675508098339199
5.838383838383838,1.3257889937701464,1.8001123591284398,0.8514656284118529,5.996552561825557,5.680215114942119
5.848484848484849,1.322356159744487,1.794830525189436,0.849881794299538,6.012094059709011,5.684875637260686
5.858585858585859,1.3187925493484443,1.7893328244482827,0.8482522742486058,6.027677104689755,5.689494612481963
5.8686868686868685,1.315095597057791,1.7836160599444786,0.8465751341711036,6.043296650361447,5.69407708701229
5.878787878787879,1.3112627373483292,1.777677239021491,0.8448482356751674,6.0589475652579,5.698628192317858
5.888888888888889,1.3072914046956328,1.771513579743238,0.8430692296480276,6.074624647950171,5.703153129827608
5.898989898989899,1.303179033575475,1.765122516134087,0.8412355510168628,6.090322642976967,5.70765715500283
5.909090909090909,1.2989230584634583,1.7585017021619664,0.8393444147649503,6.1060362574905085,5.71214556069131
5.91919191919192,1.2945209138353562,1.751649014399884,0.8373928132708283,6.121760178488056,5.716623659895783
5.929292929292929,1.2899700341668847,1.744562553312515,0.8353775150212543,6.137489090489119,5.721096768096739
5.9393939393939394,1.285267853933675,1.7372406431320637,0.8332950647352864,6.153217693509868,5.725570185278011
5.94949494949495,1.2804118076114435,1.7296818303032602,0.8311417849196269,6.168940721180108,5.730049177809792
5.959595959595959,1.2753993296758779,1.7218848804940325,0.8289137788577231,6.184652958844169,5.7345389603477495
5.96969696969697,1.2702278546027799,1.7138487741867972,0.8266069350187626,6.200349261485781,5.739044677908159
5.97979797979798,1.2648948168676668,1.7055727008815784,0.8242169328537552,6.216024571317694,5.743571388278267
5.98989898989899,1.2593976509463687,1.6970560519614293,0.8217392499313081,6.231673934880765,5.748124044917215
6.0,1.2537337913144881,1.688298412283505,0.8191691703454713,6.247292519502825,5.752707480497175
6.0,1.253733791314545,1.6882984122835658,0.8191691703455242,6.2472925195028175,5.7527074804971825
6.01010101010101,1.2478929247562007,1.6790199081016701,0.8167659414107313,6.263339088263508,5.756862931938513
6.02020202020202,1.2418683549336436,1.6695865235692522,0.814150186298035,6.27915600881583,5.7612480315882095
6.03030303030303,1.2356629416400153,1.6600063030385979,0.8113195802414327,6.294750967782134,5.7658550928239265
6.040404040404041,1.2292795446685147,1.6502867218079609,0.8082723675290686,6.310131600725701,5.77067648008238
6.05050505050505,1.2227210238121131,1.6404347266803865,0.8050073209438398,6.325305455228325,5.775704645781775
6.0606060606060606,1.2159902388640091,1.630456775593748,0.8015237021342703,6.340279959873146,5.780932161338975
6.070707070707071,1.209090049617231,1.620358875972389,0.7978212232620729,6.355062398542599,5.786351742871543
6.08080808080808,1.2020233158650342,1.6101466215407276,0.7939000101893408,6.369659889464949,5.791956272151212
6.090909090909091,1.194792897400447,1.5998252274102438,0.78976056739065,6.384079368472889,5.797738813345292
6.101010101010101,1.1874016540165826,1.5893995633169578,0.7854037447162076,6.3983275759726865,5.803692626047516
6.111111111111111,1.179852445506583,1.5788741849357268,0.7808307060774393,6.412411047159794,5.8098111750624275
6.121212121212121,1.1721481316636186,1.5682533632418139,0.7760429000854235,6.426336105055385,5.816088137368857
6.1313131313131315,1.164291572280689,1.5575411119236442,0.7710420326377339,6.440108855976871,5.822517406649392
6.141414141414142,1.1562856271509645,1.546741212878761,0.765830041423168,6.453735187093045,5.829093095735239
6.151515151515151,1.14813315606753,1.5358572398439845,0.7604090722910757,6.4672207657504845,5.835809537279818
6.161616161616162,1.1398370188236697,1.5248925802286653,0.7547814574186742,6.480571040291945,5.842661282940378
6.171717171717172,1.1314000752122695,1.5138504552286582,0.7489496951958807,6.493791242119183,5.849643101315161
6.181818181818182,1.122825185026528,1.5027339383098792,0.7429164317431769,6.506886388782028,5.856749974854336
6.191919191919192,1.1141152080595305,1.4915459721503777,0.7366844439686833,6.519861287902308,5.863977095936076
6.202020202020202,1.1052730041045038,1.4802893841363545,0.7302566240726531,6.532720541765729,5.871319862274676
6.212121212121212,1.0963014329544478,1.4689669005048431,0.7236359654040524,6.545468552436753,5.878773871805671
6.222222222222222,1.0872033544025896,1.4575811592273462,0.716825549577833,6.558109527271393,5.886334917173052
6.232323232323233,1.0779816282419858,1.4461347217234433,0.7098285347605284,6.570647484720299,5.893998979926167
6.242424242424242,1.0686391142656646,1.4346300834931895,0.7026481450381395,6.583086260330402,5.901762224518082
6.252525252525253,1.0591786722668814,1.4230696837517196,0.6952876607820433,6.59542951286703,5.909620992183475
6.262626262626263,1.0496031620387214,1.4114559141449334,0.6877504099325094,6.607680730490628,5.917571794761898
6.2727272727272725,1.039915443374241,1.399791126622706,0.680039760125776,6.619843236932969,5.925611308521576
6.282828282828283,1.0301183760666675,1.3880776405398967,0.6721591115934382,6.631920197626928,5.9337363680296376
6.292929292929293,1.020214819908972,1.3763177490506833,0.6641118907672607,6.643914625752039,5.941943960106547
6.303030303030303,1.010207634694325,1.3645137248593955,0.6559015445292544,6.655829388165087,5.950231217895518
6.313131313131313,1.0000996802158966,1.3526678253836737,0.6475315350481193,6.66766721119095,5.9585954150716764
6.3232323232323235,0.9898938162667434,1.3407822973837336,0.6390053351497533,6.6794306862541255,5.967033960210522
6.333333333333333,0.9795929026400358,1.3288593811070022,0.6303264241730695,6.6911222753358555,5.975544391330811
6.343434343434343,0.9691997991288019,1.3169013139924792,0.6214982842651248,6.702744316245431,5.984124370623256
6.353535353535354,0.9587173655261836,1.3049103339773165,0.6125243970750507,6.71429902769753,5.992771679373178
6.363636363636363,0.9481484616254363,1.2928886824429255,0.6034082408079471,6.725788514190117,6.00148421308261
6.373737373737374,0.9374959472195314,1.2808386068353816,0.5941532876036811,6.737214770679624,6.0102599767951235
6.383838383838384,0.9267626821016108,1.2687623629932594,0.5847630012099623,6.74857968705206,6.019097080624708
6.393939393939394,0.9159515260647311,1.2566622172104462,0.5752408349190159,6.759885052390221,6.027993735488566
6.404040404040404,0.9050653389021193,1.2445404480617686,0.56559022974247,6.771132559038361,6.036948249042447
6.414141414141414,0.8941069804068604,1.2323993480144848,0.5558146127992359,6.782323806466778,6.045959021816051
6.424242424242424,0.8830793103720396,1.2202412248487144,0.5459173958953646,6.793460304939477,6.055024543545371
6.434343434343434,0.8719851885908554,1.2080684029063056,0.5359019742754052,6.804543478988752,6.064143389698117
6.444444444444445,0.860827474856336,1.1958832241859039,0.5257717255267682,6.815574670700946,6.073314218187943
6.454545454545455,0.8496090289615665,1.183688049301625,0.5155300086215079,6.826555142817988,6.0825357662729225
6.4646464646464645,0.8383327106998024,1.1714852583195856,0.5051801630800192,6.837486081659528,6.091806847633401
6.474747474747475,0.827001379864015,1.1592772514853515,0.49472550824267836,6.848368599870615,6.101126349624335
6.484848484848484,0.8156178962473462,1.1470664498559584,0.48416934263873396,6.8592037389998834,6.110493230697085
6.494949494949495,0.8041851196429946,1.1348552958460534,0.4735149434399356,6.869992471913253,6.119906517985736
6.505050505050505,0.7927059098440452,1.1226462536985822,0.4627655659895083,6.880735705047989,6.129365305053021
6.515151515151516,0.7811831266435831,1.110441809889326,0.4519244433978401,6.891434280511929,6.1388687497911025
6.525252525252525,0.7696196298347502,1.0982444734729673,0.44099478619653304,6.902088978032451,6.1484160724726
6.5353535353535355,0.7580182792105745,1.0860567763777382,0.4299797820434109,6.912700516759653,6.158006553947418
6.545454545454546,0.7463819345643685,1.073881273655911,0.4188825954728262,6.92326955692789,6.167639533981202
6.555555555555555,0.7347134556890467,1.0617205436942496,0.4077063676838437,6.933796701379694,6.177314409731417
6.565656565656566,0.7230157023778077,1.0495771883920164,0.396454216363599,6.944282496955773,6.187030634357359
6.575757575757576,0.7112915344237933,1.0374538333086871,0.3851292355388996,6.954727435754544,6.196787715760609
6.585858585858586,0.6995438116200887,1.0253531277867896,0.3737344954533878,6.9651319562644005,6.206585215452771
6.595959595959596,0.6877753937598357,1.0132777450531576,0.36227304246651365,6.975496444371603,6.216422747547589
6.606060606060606,0.6759891406360623,1.0012303823012736,0.35074789897085107,6.985821234246404,6.226299977874809
6.616161616161616,0.6641879120419674,0.9892137607581025,0.3391620633258322,6.996106609109748,6.236216623213484
6.626262626262626,0.6523745677706927,0.9772306257366863,0.32751850980469915,7.006352801882564,6.246172450642689
6.636363636363637,0.6405519676152664,0.9652837466770896,0.31582018855344335,7.016559995719356,6.2561672770079175
6.646464646464646,0.6287229713689442,0.9533759171774002,0.3040700255604881,7.026728324427572,6.26620096850172
6.656565656565657,0.6168904388246403,0.9415099550147215,0.2922709226345593,7.036857872773822,6.276273440357492
6.666666666666667,0.6050572297756673,0.9296887021591542,0.2804257573921805,7.046948676677829,6.286384656655505
6.6767676767676765,0.5932262040149965,0.9179150247786131,0.2685373832513799,7.057000723294582,6.296534630240771
6.686868686868687,0.5814002213357696,0.9061918132373552,0.256608629434184,7.067013950984964,6.30672342275241
6.696969696969697,0.5695821415312423,0.8945219820863604,0.24464230097612427,7.076988249174737,6.316951144764658
6.707070707070708,0.5577748243943859,0.8829084700454048,0.23264117874336693,7.086923458101522,6.327217956039894
6.717171717171717,0.5459811297183421,0.8713542399772735,0.22060801945941078,7.096819368449094,6.33752406589434
6.7272727272727275,0.5342039172961393,0.8598622788515538,0.20854555574072475,7.106675720867985,6.34786973367747
6.737373737373737,0.522446046920976,0.8484355976978875,0.1964564961440644,7.116492205381123,6.358255269366351
6.747474747474747,0.5107103783861078,0.837077231546066,0.18434352522614955,7.126268460672929,6.368681034276566
6.757575757575758,0.49899977148456287,0.825790239351091,0.17220930361803477,7.136004073259952,6.379147441891564
6.767676767676768,0.48731708600931256,0.8145777039013693,0.16005646811725588,7.145698576540899,6.3896549588126375
6.777777777777778,0.4756651817536124,0.8034427317069006,0.14788763180032416,7.1553514497235575,6.400204105831998
6.787878787878788,0.4640469185106042,0.7923884528632206,0.13570538415798789,7.164962116625857,6.4107954591317196
6.797979797979798,0.45246515607331617,0.7814180208884518,0.12351229125818047,7.174529944348,6.421429651611595
6.808080808080808,0.44092275423489014,0.7705346125290118,0.11131089594076843,7.184054241812363,6.432107374349253
6.818181818181818,0.4294225727884111,0.7597414275284496,0.09910371804837259,7.193534258167533,6.4428293781961035
6.828282828282829,0.41796747152713465,0.7490416883547761,0.08689325469949316,7.2029691810526675,6.45359647551299
6.838383838383838,0.40656031024391837,0.7384386398789718,0.07468198060886488,7.212358134718021,6.464409542049656
6.848484848484849,0.3952039487321315,0.7279355490000359,0.06247234846422711,7.221700177997397,6.475269518972301
6.858585858585859,0.38390124678485904,0.7175357042058463,0.05026678936387169,7.230994302127897,6.486177415043821
6.8686868686868685,0.3726550641950723,0.7072424150639077,0.03806771332623693,7.240239428412373,6.497134308961364
6.878787878787879,0.3614682607559132,0.6970590116317268,0.025877509880099625,7.249434405719682,6.508141351856076
6.888888888888889,0.35034369626052353,0.6869888437757856,0.013698548745261496,7.258578007817791,6.519199769959988
6.898989898989899,0.3392842305022157,0.677035280388212,0.0015331806162193762,7.267668930534828,6.530310867444969
6.909090909090909,0.32829272327379044,0.6672017084871771,-0.010616261939596139,7.2767057887430155,6.541476029438803
6.91919191919192,0.31737203436861705,0.6574915321893224,-0.02274746345208839,7.285687113160669,6.5526967252231705
6.929292929292929,0.3065250235796668,0.647908171534787,-0.034858124375453325,7.294611346967501,6.563974511618357
6.9393939393939394,0.2957545507000816,0.6384550611510205,-0.04694595975085725,7.30347684222881,6.575311036559069
6.94949494949495,0.2850634755229464,0.6291356487339685,-0.059008697688075706,7.312281856124509,6.586708042865391
6.959595959595959,0.27445465784145995,0.6199533933267933,-0.0710440776438735,7.321024546979464,6.598167372212455
6.96969696969697,0.2639309574487072,0.6109117633722014,-0.08304984847478697,7.329702970092356,6.6096909693015835
6.97979797979798,0.25349523413783004,0.602014234513744,-0.0950237662380839,7.338315073361137,6.621280886234823
6.98989898989899,0.24315034770185662,0.593264287117474,-0.10696359171376085,7.3468586927043305,6.632939287093649
7.0,0.23289915793387195,0.5846654034840794,-0.11886708761633547,7.355331547278751,6.644668452721249
7.0,0.23289915793401406,0.5846654034842265,-0.11886708761619835,7.355331547278746,6.644668452721254
7.01010101010101,0.22282211583922162,0.5790075099874321,-0.1333632783089888,7.361002655858742,6.659199364343279
7.02020202020202,0.2129958737966149,0.5736035865498117,-0.14761183895658198,7.366557440980889,6.67384659942315
7.03030303030303,0.20341759365999224,0.5684466745074259,-0.16161148718744145,7.371995538467429,6.688610522138632
7.040404040404041,0.19408443728292468,0.5635296519439851,-0.1753607773781357,7.377316838267291,6.703491242540791
7.05050505050505,0.18499356651926746,0.5588452436373816,-0.18885811059884666,7.382521501175756,6.718488599834345
7.0606060606060606,0.17614214322281896,0.5543860327705644,-0.2021017463249265,7.387609974985985,6.733602146226136
7.070707070707071,0.1675273292470365,0.5501444744339312,-0.21508981593985826,7.39258300986536,6.748831131548782
7.08080808080808,0.15914628644594586,0.5461129109241869,-0.22782033803229518,7.397441672740326,6.764174488875835
7.090909090909091,0.1509961766734591,0.5422835888156169,-0.24029123546869868,7.402187360467204,6.7796308213509775
7.101010101010101,0.14307416178297672,0.5386486777576586,-0.25250035419170513,7.406821811563174,6.795198390457029
7.111111111111111,0.13537740362846762,0.5352002909230005,-0.26444548366606524,7.411347116272823,6.810875105949399
7.121212121212121,0.12790306406367336,0.5319305069960225,-0.27612437886867586,7.415765724750674,6.826658517673568
7.1313131313131315,0.12064830494222178,0.5288313935669375,-0.2875347836824939,7.420080453149914,6.842545809476349
7.141414141414142,0.1136102881179113,0.5258950317628059,-0.29867445552698335,7.424294487422244,6.85853379540604
7.151515151515151,0.10678617544448343,0.5231135419170712,-0.3095411910281043,7.428411384653126,6.874618918377177
7.161616161616162,0.1001731287760208,0.520479110052714,-0.32013285250067236,7.432435071781305,6.890797251451018
7.171717171717172,0.0937683099658102,0.5179840149251831,-0.3304473949935627,7.436369841580565,6.907064501853779
7.181818181818182,0.08756888086776371,0.5156206553551037,-0.34048289361957634,7.440220345815002,6.923416017821362
7.191919191919192,0.08157200333590708,0.5133815775536053,-0.35023757088179114,7.443991585516607,6.939846798321777
7.202020202020202,0.07577483922358397,0.5112595021355663,-0.3597098236883983,7.447688898374535,6.95635150566587
7.212121212121212,0.07017455038459275,0.5092473505086388,-0.36889824973945323,7.451317943267834,6.97292448097459
7.222222222222222,0.06476829867312972,0.5073382703178246,-0.37780167297156514,7.454884682018413,6.9895597624260315
7.232323232323233,0.05955324594259537,0.5055256596327993,-0.3864191677476086,7.4583953584850695,7.006251106161396
7.242424242424242,0.05452655404650386,0.5038031895785455,-0.39475008148553786,7.461856475163667,7.022992009684818
7.252525252525253,0.04968538483916518,0.5021648251209279,-0.40279405544259755,7.465274767500734,7.039775737549771
7.262626262626263,0.04502690017415034,0.500604843742215,-0.4105510433939144,7.4686571761666665,7.0565953490858595
7.2727272727272725,0.04054826190491667,0.49911785177647533,-0.418021327966642,7.472010817569867,7.073443727884678
7.282828282828283,0.036246631885546776,0.4976987982019784,-0.4252055344308848,7.475342952923505,7.090313612733061
7.292929292929293,0.0321191719697822,0.49634298572619817,-0.43210464178663377,7.4786609562003905,7.107197629658196
7.303030303030303,0.02816304401102343,0.49504607904476555,-0.4387199910227187,7.481972281329643,7.1240883247309625
7.313131313131313,0.024375409863466757,0.4938041101970805,-0.44505329047014697,7.485284428999409,7.140978197263217
7.3232323232323235,0.020753431380796883,0.49261348098251595,-0.4511066182209222,7.4886049134335515,7.157859733031096
7.333333333333333,0.017294270416471136,0.49147096245384414,-0.45688242162090187,7.491941229506551,7.174725437160115
7.343434343434343,0.013995088824401591,0.49037369154323296,-0.4623835138944298,7.4953008205504394,7.191567866318247
7.353535353535354,0.010853048458614012,0.4893191649179323,-0.4676130680007043,7.4986910471899195,7.208379659880788
7.363636363636363,0.007865311172565725,0.4883052302035616,-0.47257460785843014,7.502119157518817,7.2251535697539095
7.373737373737374,0.005029038819941434,0.4873300747488684,-0.47727199710898555,7.505592258902406,7.241882488572341
7.383838383838384,0.0023413932546532124,0.4863922121319253,-0.48170942562261887,7.509117291657068,7.2585594760197
7.393939393939394,-0.00020046366950055017,0.4854904666354703,-0.4858913939744714,7.5127010048222544,7.275177783056533
7.404040404040404,-0.002599370098721465,0.4846239559387192,-0.48982269613616214,7.516349934201534,7.291730873879274
7.414141414141414,-0.004858164179552205,0.4837920722852372,-0.4935084006443416,7.5200703828086555,7.308212445474173
7.424242424242424,-0.006979684057967006,0.4829944623969906,-0.49695383051292463,7.523868403814701,7.324616444670147
7.434343434343434,-0.008966767880224324,0.4822310064026181,-0.5001645421630667,7.527749786052415,7.340937082634453
7.444444444444445,-0.010822253792809988,0.4815017960510192,-0.5031463036366393,7.531720042095626,7.357168846793264
7.454545454545455,-0.012548979941641392,0.48080711247125335,-0.5059050723545362,7.535784398895313,7.373306510195597
7.4646464646464645,-0.014149784473204363,0.4801474037255922,-0.5084469726720009,7.539947790921395,7.389345138371534
7.474747474747475,-0.015627505533529984,0.47952326239436915,-0.5107782734614291,7.5442148557288515,7.405280093766098
7.484848484848484,-0.016984981268990396,0.4789354034050778,-0.5129053659430586,7.548589931841192,7.421107037855776
7.494949494949495,-0.01822504982595774,0.47838464230479855,-0.5148347419567141,7.553077058822373,7.436821931076617
7.505050505050505,-0.019350549350463098,0.4778718741490821,-0.5165729728500084,7.55767997938988,7.452421030711131
7.515151515151516,-0.020364317988935454,0.4773980531575428,-0.5181266891354137,7.562402143408033,7.4679008868949985
7.525252525252525,-0.021269193887349047,0.47696417326684554,-0.5195025610415436,7.567246713590836,7.483258336914214
7.5353535353535355,-0.02206801519213286,0.47657124968267967,-0.5207072800669454,7.572216572736618,7.498490497970453
7.545454545454546,-0.022763620049715882,0.4762203015161067,-0.5217475416155385,7.577314332314991,7.513594758594101
7.555555555555555,-0.02335884660595866,0.4759123355638287,-0.522630028775746,7.582542342225756,7.528568768885354
7.565656565656566,-0.023856533007347025,0.4756483312709432,-0.5233613972856372,7.587902701553096,7.543410429760035
7.575757575757576,-0.024259517400025743,0.4754292269018243,-0.5239482617018758,7.593397270143824,7.558117881371328
7.585858585858586,-0.02457063793025327,0.475255906920296,-0.5243971827808025,7.599027680845024,7.572689490872147
7.595959595959596,-0.02479273274445859,0.47512919057041836,-0.5247146560593355,7.604795352246084,7.587123839673108
7.606060606060606,-0.02492863998844541,0.4750498216345742,-0.524907101611465,7.610701501780047,7.601419710341166
7.616161616161616,-0.024981197809040623,0.47501845933036807,-0.5249808549484494,7.616747159049663,7.6155760732735684
7.626262626262626,-0.024953244352047932,0.47503567030769617,-0.524942159011792,7.622933179255811,7.629592073269442
7.636363636363637,-0.024847617763782637,0.47510192168612997,-0.5247971572136952,7.629260256617328,7.643467016109946
7.646464646464646,-0.02466715619061688,0.4752175750794565,-0.5245518874606903,7.635728937682899,7.657200355246394
7.656565656565657,-0.024414697778809114,0.47538288154176767,-0.5242122770993859,7.642339634448009,7.670791678683305
7.666666666666667,-0.024093080674447265,0.4755979773687361,-0.5237841387176306,7.649092637200321,7.6842406961330125
7.6767676767676765,-0.023705143023960318,0.4758628806851502,-0.5232731667330708,7.655988127028243,7.69754722650711
7.686868686868687,-0.023253722973379354,0.47617748875123317,-0.5226849346979918,7.663026187937467,7.710711185799907
7.696969696969697,-0.022741658669076514,0.47654157591585483,-0.5220248932540079,7.670206818529431,7.723732575409963
7.707070707070708,-0.02217178825725341,0.4769547921511618,-0.5212983686656687,7.677529943204455,7.73661147093696
7.717171717171717,-0.021546949884282185,0.47741666210000455,-0.5205105618685689,7.684995422860624,7.749348011482811
7.7272727272727275,-0.020869981696307605,0.47792658457339593,-0.5196665479660112,7.692603065065644,7.761942389479811
7.737373737373737,-0.020143721839474438,0.47848383243500864,-0.5187712761139576,7.700352633686146,7.774394841061328
7.747474747474747,-0.019371008460154826,0.47908755281468557,-0.5178295697349953,7.708243857963851,7.786705636985644
7.757575757575758,-0.018554679704664068,0.47973676759609346,-0.5168461270054217,7.716276441032789,7.798875074118727
7.767676767676768,-0.017697573719090087,0.4804303741259746,-0.5158255215641547,7.724450067876014,7.810903467477522
7.777777777777778,-0.01680252864969134,0.48116714609615546,-0.5147722033955382,7.7327644127234345,7.822791142832121
7.787878787878788,-0.015872382642839966,0.4819457345545394,-0.5136904998402193,7.7412191458949895,7.834538429862587
7.797979797979798,-0.014909973844680735,0.48276466900372556,-0.512584616693087,7.749813940095699,7.8461456558638965
7.808080808080808,-0.013918140401358414,0.483622358548772,-0.5114586393514888,7.758548476170678,7.857613139990938
7.818181818181818,-0.012899720459358832,0.4845170930603991,-0.5103165339791167,7.7674224483290475,7.868941188034589
7.828282828282829,-0.01185755216471307,0.48544704432414576,-0.5091621486535719,7.776435568846544,7.880130087719113
7.838383838383838,-0.01079447366379327,0.4864102671453201,-0.5079992144729066,7.785587572256939,7.891180104510737
7.848484848484849,-0.009713323102801041,0.4874047003883713,-0.5068313465939733,7.794878219041932,7.902091477927765
7.858585858585859,-0.008616938627994841,0.48842816792747296,-0.5056620451834626,7.804307298829141,7.912864418342577
7.8686868686868685,-0.0075081583856331235,0.4894783794911376,-0.5044946962624038,7.813874633107017,7.92349910426672
7.878787878787879,-0.006389820521860656,0.49055293138527206,-0.5033325724289934,7.823580077464461,7.9339956801112965
7.888888888888889,-0.005264763182935894,0.4916493070817079,-0.5021788334475796,7.833423523362061,7.9443542544157175
7.898989898989899,-0.004135824515344666,0.4927648776627785,-0.5010365266934678,7.843404899440666,7.954574898539131
7.909090909090909,-0.0030058426650043657,0.4938969021154333,-0.49990858744544203,7.853524172371292,7.964657645810527
7.91919191919192,-0.0018776557784008219,0.49504252746735167,-0.4987978390241533,7.863781347249303,7.974602491134536
7.929292929292929,-0.0007541020016788025,0.496198788766873,-0.4977069927702306,7.8741764675343955,7.984409391051463
7.9393939393939394,0.0003619805189600811,0.49736260890367306,-0.4966386478657529,7.88470961453571,7.994078264252169
7.94949494949495,0.0014677536372005306,0.49853079827473135,-0.4955952910003303,7.895380906440785,8.003608992549115
7.959595959595959,0.002560379206840935,0.49970005430090225,-0.4945792958872204,7.906190496885006,8.013001422306914
7.96969696969697,0.003637019081509152,0.500866960801244,-0.49359292263822574,7.917138573056766,8.022255366337173
7.97979797979798,0.004694835115230944,0.5020279872371037,-0.49263831700664185,7.92822535333275,8.03137060626321
7.98989898989899,0.005730989161577327,0.5031794878369549,-0.4917175095138002,7.939451084435898,8.040346895362081
8.0,0.006742643074233001,0.5043177006209238,-0.49083241447245785,7.950816038107862,8.049183961892139
